tree_type,order,low,high,male_count,avg_male_gpa,avg_male_height,elapsed_seconds
B-tree,3,202000000,202100000,7215,3.278474,174.057547,0.097015500
B*-tree,3,202000000,202100000,7215,3.278474,174.057547,0.081591600
B+tree,3,202000000,202100000,7215,3.278474,174.057547,0.013630600
B-tree,5,202000000,202100000,7215,3.278474,174.057547,0.066160600
B*-tree,5,202000000,202100000,7215,3.278474,174.057547,0.053078500
B+tree,5,202000000,202100000,7215,3.278474,174.057547,0.006132200
B-tree,10,202000000,202100000,7215,3.278474,174.057547,0.038600600
B*-tree,10,202000000,202100000,7215,3.278474,174.057547,0.035332300
B+tree,10,202000000,202100000,7215,3.278474,174.057547,0.004199900
